item_id,high_rating_count,avg_rating,min_rating,max_rating
B0086VPUHI,154,4.694805194805195,3.0,5.0
B00BN5T30E,150,4.626666666666667,3.0,5.0
B07YBXFDYN,146,4.712328767123288,3.0,5.0
B00BGA9WK2,136,4.720588235294118,3.0,5.0
B007CM0K86,123,4.682926829268292,3.0,5.0
