Model,Hit Rate,Precision@10,MAP@10,MRR@10,Coverage
Content-Based (TF-IDF),0.12727272727272726,0.014254545454545456,0.011370023362880505,0.042605194805194806,0.40236051502145925
