Strategy,Hit Rate,Precision@10,MAP@10,MRR@10,Coverage
CF (SVD),0.04,0.004,0.004416666666666667,0.0225,0.4334763948497854
Content-Based,0.16,0.017,0.006121031746031746,0.03524603174603175,0.40236051502145925
Parallel (α=0.3),0.15,0.016,0.0074932539682539675,0.04041666666666667,0.36802575107296137
Parallel (α=0.5),0.12,0.012000000000000002,0.0066765873015873015,0.036944444444444446,0.4302575107296137
Parallel (α=0.7),0.11,0.011000000000000001,0.006343253968253969,0.035944444444444446,0.48175965665236054
Switching (threshold=10),0.04,0.004,0.004416666666666667,0.0225,0.4334763948497854
Pipelining,0.12,0.012000000000000002,0.0066765873015873015,0.036944444444444446,0.4302575107296137
